timestamp,open,high,low,close,volume
1704067200000.0,2800.0,2821.2192524838356,2758.34865816786,2811.601306557203,2669.9100592989
1704070800000.0,2811.601306557203,2859.5033994084047,2741.871228013781,2748.2644668275816,4265.549441933794
1704074400000.0,2748.2644668275816,2871.52498361869,2701.234109313501,2844.2087036094986,1304.9310567692833
1704078000000.0,2844.2087036094986,2895.305503894439,2797.693700545401,2837.0910540398377,1003.3431849763422
1704081600000.0,2837.0910540398377,2873.168706997461,2816.5392547911692,2819.6282644360354,1240.8479576956277
1704085200000.0,2819.6282644360354,2882.164259241218,2681.0497510942773,2762.1484247495573,1976.4183308235386
1704088800000.0,2762.1484247495573,2870.7489263518337,2741.112062776399,2855.817685420824,1337.3218809124694
1704092400000.0,2855.817685420824,2881.4334552470004,2759.3967966477244,2768.3167589695568,5292.723439342611
1704096000000.0,2768.3167589695568,2800.134711556712,2739.795643411528,2752.852720845706,1439.0114409177809
1704099600000.0,2752.852720845706,2825.226012562269,2747.856388887789,2784.364843704155,1379.806115902471
1704103200000.0,2784.364843704155,2850.947454151332,2720.2003446093377,2844.5619650297103,1350.353651724673
1704106800000.0,2844.5619650297103,2913.279291882654,2843.6405186275274,2900.1915968324606,9290.08550103976
1704110400000.0,2900.1915968324606,2923.8704433462544,2760.5885818440975,2813.13375589527,2326.854980479036
1704114000000.0,2813.13375589527,2847.968107823694,2677.227613784094,2708.0600887075866,9612.944465728586
1704117600000.0,2708.0600887075866,2797.0836437423477,2699.138518576964,2782.7183554841954,2099.9128673745467
1704121200000.0,2782.7183554841954,2980.4657885915894,2776.662838754029,2969.1528419089386,1120.3414574446133
1704124800000.0,2969.1528419089386,3005.0303362987283,2823.752536480255,2831.080265701638,1551.1740628890207
1704128400000.0,2831.080265701638,2978.1284804534216,2802.3453863641366,2918.893042355308,5466.350898414912
1704132000000.0,2918.893042355308,2948.3931718745876,2848.441499595751,2873.726111563708,2142.382264538914
1704135600000.0,2873.726111563708,2908.3616057581953,2861.8590166806953,2889.0861201213706,1180.0408774578223
1704139200000.0,2889.0861201213706,2894.756384863252,2822.6965114251634,2831.241180269631,4339.232114683705
1704142800000.0,2831.241180269631,2913.7029344565303,2809.110653030252,2893.3322654626136,1881.4406858619059
1704146400000.0,2893.3322654626136,2926.069666537453,2835.0175459322527,2855.440754804545,2014.9066597917629
1704150000000.0,2855.440754804545,3002.0298589149725,2820.859184630002,2963.1745500016455,5663.929661683303
1704153600000.0,2963.1745500016455,2974.980178143746,2867.1616759696108,2882.5323797811316,3299.174165629679
1704157200000.0,2882.5323797811316,2919.7134254331067,2805.1751166286044,2820.041464689123,3046.7862682653763
1704160800000.0,2820.041464689123,2974.9809172550526,2777.5628427796196,2927.921633809328,2145.4098079326627
1704164400000.0,2927.921633809328,3005.6019260575904,2921.094601625369,2953.911315459107,4468.336032116095
1704168000000.0,2953.911315459107,2959.1019634543204,2919.0046965538454,2919.2411202159783,5023.180059954498
1704171600000.0,2919.2411202159783,2940.566341001143,2856.2563032558396,2889.273747637254,7966.606424609652
1704175200000.0,2889.273747637254,2959.3091479232025,2865.376241143623,2954.460913360358,2524.6210691004317
1704178800000.0,2954.460913360358,2967.2453225987238,2934.2988758772176,2945.005520818494,1659.643704118212
1704182400000.0,2945.005520818494,3033.492884958843,2932.6937577695358,3002.7847386824415,1195.6990263349137
1704186000000.0,3002.7847386824415,3004.253142712673,2981.11071676174,2987.7279745175347,2191.0567289381192
1704189600000.0,2987.7279745175347,3025.800333523519,2953.717930183551,2962.5936577726043,3055.6927754612434
1704193200000.0,2962.5936577726043,3009.489294311928,2852.907634689543,2885.3840439753603,2283.908220785345
1704196800000.0,2885.3840439753603,3024.108378185366,2837.905703486006,2979.6636935932816,1622.2777406674952
1704200400000.0,2979.6636935932816,3043.236327486246,2903.183445523128,2917.177585602321,2302.994340732008
1704204000000.0,2917.177585602321,2963.481902969251,2882.0912148297925,2882.291319136578,1806.777622932741
1704207600000.0,2882.291319136578,3042.362222052318,2877.498102279872,2997.7959470892733,1821.9517554613906
1704211200000.0,2997.7959470892733,3017.983126873536,2889.419011898185,2896.270097654134,1789.5221459511822
1704214800000.0,2896.270097654134,2960.339582116387,2881.352465000992,2949.3106070620115,2577.7589464296284
1704218400000.0,2949.3106070620115,2951.3316307182367,2934.053795409086,2944.3241599220237,1388.9676417695068
1704222000000.0,2944.3241599220237,2973.5674238860033,2933.0574614547772,2966.742494225804,1496.2488940890603
1704225600000.0,2966.742494225804,2984.408296333527,2911.692076571145,2958.2845840667287,1198.5639697739348
1704229200000.0,2958.2845840667287,3059.523627704991,2943.1779027943307,3026.044350747504,3213.252086451595
1704232800000.0,3026.044350747504,3030.1883564193895,2915.5466983936876,2949.6908479915937,11181.290688414943
1704236400000.0,2949.6908479915937,3047.374280432502,2929.610215135495,2995.4610369250427,1147.395108410354
1704240000000.0,2995.4610369250427,2999.564336163684,2898.1195416559085,2903.4668006821275,1745.0440996217153
1704243600000.0,2903.4668006821275,2924.4983595718295,2880.9515931276032,2920.5317414368883,2852.502120465676
1704247200000.0,2920.5317414368883,3061.1137390271824,2855.6957271114634,3043.433534387446,2351.1332739151962
1704250800000.0,3043.433534387446,3136.7444628105213,3010.639548763884,3109.7858894386327,5900.15430375788
1704254400000.0,3109.7858894386327,3119.731252478285,2927.255655906761,2927.5768320890884,3967.2711369275103
1704258000000.0,2927.5768320890884,3027.3887123728264,2925.5886939413385,3019.2715040622793,3666.956518044804
1704261600000.0,3019.2715040622793,3032.863049462986,2950.4211810191237,2974.0154452570587,3171.286857545892
1704265200000.0,2974.0154452570587,3029.691731772236,2936.1603936559,2959.255738726892,1066.8337931123408
1704268800000.0,2959.255738726892,2962.520955069109,2877.670342737481,2896.8050892043434,3817.4902319026096
1704272400000.0,2896.8050892043434,2965.494493171689,2868.2809858624237,2948.840747444609,2174.843527757336
1704276000000.0,2948.840747444609,3075.0323166351445,2944.195922402382,3016.225422132812,3522.025163867657
1704279600000.0,3016.225422132812,3022.398345164582,2986.9536373807978,3011.3156354098955,1797.607055048508
1704283200000.0,3011.3156354098955,3074.5017464311272,3004.7516992979768,3049.6619255281953,5473.388507834753
1704286800000.0,3049.6619255281953,3119.297034162882,2986.624482726831,2995.1662124072923,2436.6285701057623
1704290400000.0,2995.1662124072923,3087.7964276685693,2864.170703308159,2922.0875349308053,1746.3878068667311
1704294000000.0,2922.0875349308053,2983.626053142487,2872.971572088085,2968.3528020532435,5187.5541980571
1704297600000.0,2968.3528020532435,3010.6810380459156,2798.795530254174,2818.4402289612763,2861.4331470630545
1704301200000.0,2818.4402289612763,3060.845318209667,2796.5548765636236,3030.8469644171355,7639.066398408249
1704304800000.0,3030.8469644171355,3097.7135628908886,3021.3962326212772,3052.9979557925,1412.8195101833837
1704308400000.0,3052.9979557925,3069.5069880015135,2946.876932791809,2967.0609684256083,1136.734961324521
1704312000000.0,2967.0609684256083,3052.160014491475,2900.5883434996786,3046.872700145252,3062.479467554463
1704315600000.0,3046.872700145252,3052.9776276186717,2901.9099179908853,2954.719084154162,3925.137264630252
1704319200000.0,2954.719084154162,2969.2521018546595,2943.8509534267387,2944.7346059012,2886.3372191265753
1704322800000.0,2944.7346059012,2958.268990610902,2924.926077066285,2943.6770751323993,3566.5637155885834
1704326400000.0,2943.6770751323993,3118.1129605621595,2876.791905339718,3079.3800845269793,1719.5031531781822
1704330000000.0,3079.3800845269793,3081.626038452916,3006.7651653687612,3015.3083302015184,2701.8128012616776
1704333600000.0,3015.3083302015184,3044.463906518675,3014.5088091849557,3019.603321118519,1087.7541178960178
1704337200000.0,3019.603321118519,3073.3444445521473,2979.5522216746704,3036.64983612896,1109.489572345229
1704340800000.0,3036.64983612896,3047.09455245632,2938.528020452234,2939.706659500855,4634.864639019575
1704344400000.0,2939.706659500855,3085.3497494545077,2935.017295966544,3075.5248922882774,1305.067717823113
1704348000000.0,3075.5248922882774,3090.850048372514,2929.0747214048265,2929.3709190978916,2143.557733514637
1704351600000.0,2929.3709190978916,3086.2534718814004,2925.5294769348416,3076.7958425505067,5103.503504690901
1704355200000.0,3076.7958425505067,3117.8428007511275,2996.343425289905,2997.7320651024856,7240.498508308309
1704358800000.0,2997.7320651024856,3036.1823222054068,2957.2460048364073,2993.066940202215,1008.8985062047728
1704362400000.0,2993.066940202215,3090.7872476271496,2989.563838879101,3014.0733092018722,3405.125996151983
1704366000000.0,3014.0733092018722,3064.503203754011,2949.1899327160327,2952.8312787060554,1190.5585344385859
1704369600000.0,2952.8312787060554,3109.5338711684612,2950.2568031221167,3103.1178670859103,3554.310230762692
1704373200000.0,3103.1178670859103,3117.4052521875565,2983.7854126777634,3002.9244854877375,1954.4487631405266
1704376800000.0,3002.9244854877375,3041.9211811153104,2987.8213451377005,3012.352296171241,3909.717564505825
1704380400000.0,3012.352296171241,3163.9363082310756,2975.437138482832,3161.521355233004,3624.6480873756113
1704384000000.0,3161.521355233004,3195.297977862914,3085.725976751493,3092.6335092412805,1060.9860672002753
1704387600000.0,3092.6335092412805,3098.5156638115104,3029.8255854369786,3048.711832774201,7074.4508022970995
1704391200000.0,3048.711832774201,3058.2627303599515,3004.8822241166204,3020.431126077563,2304.045705696822
1704394800000.0,3020.431126077563,3141.530524267647,3002.6236572137273,3100.227469871486,2843.1408118711274
1704398400000.0,3100.227469871486,3132.168295776672,3013.6617704557966,3025.8780342716154,2330.0258440054913
1704402000000.0,3025.8780342716154,3040.246937164577,2982.7303101293,3033.5261923628336,2081.540047665245
1704405600000.0,3033.5261923628336,3039.2882205973056,2946.4431464016,2955.816122113948,2548.94482647108
1704409200000.0,2955.816122113948,3007.9621717626633,2935.5157080569634,3002.6150997709096,2577.5357307091226
1704412800000.0,3002.6150997709096,3036.5147712079265,2932.7858753141663,2977.1005372792624,1836.916451877169
1704416400000.0,2977.1005372792624,2980.796473098924,2966.340003873392,2968.6852884826394,1272.1219508478653
1704420000000.0,2968.6852884826394,2998.77359244614,2956.8150432307075,2956.841054308649,1139.9182858619354
1704423600000.0,2956.841054308649,2994.9300844115346,2937.609804862998,2985.66593228084,1755.058451240779
1704427200000.0,2985.66593228084,3026.429818432408,2959.146802124919,2964.85487376414,1488.2491449298043
1704430800000.0,2964.85487376414,3041.019662962125,2902.5517520160424,2966.297028957986,4598.556950627685
1704434400000.0,2966.297028957986,3003.538484572184,2942.0997408254248,3001.260812601825,1317.4948743314594
1704438000000.0,3001.260812601825,3041.1790847930824,2965.289698716989,3036.837670458803,5097.504399402734
1704441600000.0,3036.837670458803,3102.232699251838,2916.665087606458,2946.616761628258,1245.1924168384633
1704445200000.0,2946.616761628258,3115.8347537405803,2918.2414363818766,3084.8577055946284,1387.2775343922622
1704448800000.0,3084.8577055946284,3097.9182562262595,2941.933345306099,3015.207117122461,4911.362414241536
1704452400000.0,3015.207117122461,3035.3250436538897,2966.7637052354917,2986.881654095938,1472.9657571916043
1704456000000.0,2986.881654095938,3034.518624959949,2923.882769399689,2965.5887330284236,1519.2016021318482
1704459600000.0,2965.5887330284236,3130.647600383373,2957.654172010702,3068.124633396288,1467.7667675940277
1704463200000.0,3068.124633396288,3101.925714706623,2977.7957369722085,2991.1756162201186,4235.860370460029
1704466800000.0,2991.1756162201186,3043.3504642237735,2913.851965475784,2924.673775319062,6295.341486156583
1704470400000.0,2924.673775319062,2981.1518132760457,2918.6054059497706,2976.0003579313343,4458.13216313036
1704474000000.0,2976.0003579313343,3030.4612183862932,2958.6893106439784,2983.631829576072,5120.182601024614
1704477600000.0,2983.631829576072,3020.0952091263425,2971.421733306959,2978.7358480144317,2142.9490583947077
1704481200000.0,2978.7358480144317,3070.1616996639023,2951.6023371905994,3023.438098226212,3458.6883168053328
1704484800000.0,3023.438098226212,3037.7163836068785,3004.8963200026687,3012.8777605032797,2352.9534005306
1704488400000.0,3012.8777605032797,3058.176310244403,2942.743321053516,2979.271216002067,3879.606575147513
1704492000000.0,2979.271216002067,2990.593359713505,2894.7172554029667,2945.484270059182,1562.7580106663515
1704495600000.0,2945.484270059182,2989.400269108016,2942.5466788087947,2984.7156076314595,1863.2318105146528
1704499200000.0,2984.7156076314595,3012.4327482789136,2872.635430996545,2924.039385881865,1437.0643155056134
1704502800000.0,2924.039385881865,2962.3870091229915,2884.597428526409,2894.8511425272713,1407.38275210565
1704506400000.0,2894.8511425272713,2904.9866888723204,2809.392864845313,2877.3633240991876,13500.692875821995
1704510000000.0,2877.3633240991876,3041.4187974696274,2871.1894187072044,2995.7935811023326,5580.921600764612
1704513600000.0,2995.7935811023326,3022.6900933837483,2885.5887054179066,2911.9635127605766,1481.3966388366318
1704517200000.0,2911.9635127605766,2975.0731578533455,2907.6816850145806,2973.131546765097,4464.229714545965
1704520800000.0,2973.131546765097,2976.097954417502,2869.5744272422216,2896.537295142443,7192.332728441769
1704524400000.0,2896.537295142443,2922.885699749655,2862.6394700755036,2893.5231942392334,1077.490010569382
1704528000000.0,2893.5231942392334,2924.4922938628047,2778.2108063108144,2833.302083457281,3799.4472367702137
1704531600000.0,2833.302083457281,2918.47043534967,2796.642188860715,2911.0729303069065,1340.3890493072483
1704535200000.0,2911.0729303069065,2973.658762406091,2886.3409501904375,2957.909407383982,2958.9708175180094
1704538800000.0,2957.909407383982,2972.491425663613,2828.7096592507964,2873.1989746402955,1770.698059334788
1704542400000.0,2873.1989746402955,2992.373761777496,2815.729075491074,2954.704138457648,8009.074821821717
1704546000000.0,2954.704138457648,2958.296629148461,2900.630704918923,2932.829500961124,1509.3371654118368
1704549600000.0,2932.829500961124,2937.7615785659423,2905.3155442813604,2936.7397271563395,3462.2856618381898
1704553200000.0,2936.7397271563395,2942.703783322887,2852.333348197796,2915.470264723369,1255.1944787745329
1704556800000.0,2915.470264723369,2956.438125623245,2859.0944896839223,2870.2623998564254,1797.1624846852617
1704560400000.0,2870.2623998564254,2883.007663929231,2835.7599954018374,2855.589112610276,4522.947741330237
1704564000000.0,2855.589112610276,2926.648232936636,2815.0814491753654,2902.3304321865944,3140.8567162328027
1704567600000.0,2902.3304321865944,2925.978492241809,2869.273825338979,2874.6749507286377,1388.6391259445857
1704571200000.0,2874.6749507286377,2904.4426919825514,2837.402061192324,2901.3009344177585,5301.6127875182
1704574800000.0,2901.3009344177585,2951.745451032014,2884.6603456988746,2924.391811219098,1311.535086624671
1704578400000.0,2924.391811219098,2967.887539951029,2918.694134408604,2951.2178899834694,2361.867833666657
1704582000000.0,2951.2178899834694,2965.994135675733,2779.077996496613,2848.2264792981437,1624.1926252838955
1704585600000.0,2848.2264792981437,3032.3581998758054,2819.2246884934775,3011.764287568949,9952.616237226272
1704589200000.0,3011.764287568949,3036.1831683597825,2869.7211472528015,2923.4205178514044,1121.8682611692814
1704592800000.0,2923.4205178514044,2949.579003129091,2851.372207439904,2875.067183244085,3073.868828509557
1704596400000.0,2875.067183244085,2903.1360125825777,2834.65575089048,2872.947069559243,1948.470617305053
1704600000000.0,2872.947069559243,2878.284555283403,2857.5477430136325,2868.5793719390313,1129.9644737619005
1704603600000.0,2868.5793719390313,2881.222797792498,2776.161602493016,2804.6365317042482,3507.1023624842646
1704607200000.0,2804.6365317042482,2916.1134765676334,2798.532125633143,2871.006628320103,3122.343916532189
1704610800000.0,2871.006628320103,2905.427533236353,2844.525822791206,2867.6621176856897,4826.3320587093385
1704614400000.0,2867.6621176856897,2925.0667362936606,2857.0481582406915,2914.289340199107,2725.785255412963
1704618000000.0,2914.289340199107,2921.605923975881,2807.3590776471733,2844.997875429541,3034.3459171623253
1704621600000.0,2844.997875429541,2967.8414183025716,2841.688971752651,2938.3187974419293,2788.7996504074426
1704625200000.0,2938.3187974419293,2947.7525339054714,2863.850636019501,2883.346834268819,2655.8617023335014
1704628800000.0,2883.346834268819,2925.171354187964,2861.479625002852,2906.9162872969473,2237.2392401644693
1704632400000.0,2906.9162872969473,2919.2738747115823,2701.0767796466102,2719.1596596334757,3640.016379510621
1704636000000.0,2719.1596596334757,3022.2794046247286,2697.992647763156,2989.6336549063703,1867.9500231090803
1704639600000.0,2989.6336549063703,3012.949765902882,2895.1656059093752,2925.326284528718,5209.146664339978
1704643200000.0,2925.326284528718,2953.65948769569,2895.5395237477624,2951.4117197438927,1085.3654602511745
1704646800000.0,2951.4117197438927,2983.1484306701977,2874.822930584705,2875.1438093472416,2265.0770997619115
1704650400000.0,2875.1438093472416,2919.56725911208,2788.2645907114356,2835.4461715092,4007.8710807615553
1704654000000.0,2835.4461715092,2839.4062889079446,2774.619940156295,2783.036680093334,2289.454313910228
1704657600000.0,2783.036680093334,2832.7063454282616,2768.972040745205,2796.9247105278478,1967.3574887359669
1704661200000.0,2796.9247105278478,2801.6715326883186,2707.857021003256,2739.658663774248,7251.542711370886
1704664800000.0,2739.658663774248,2863.867093282963,2730.0766055502554,2831.2344116558356,1357.2809009661407
1704668400000.0,2831.2344116558356,2847.556648388506,2816.617237771887,2843.210388783745,3552.920858300567
1704672000000.0,2843.210388783745,2998.6367929583766,2831.835698044135,2979.228270139943,4785.523149003458
1704675600000.0,2979.228270139943,2997.2222229697445,2828.0683280738926,2856.31805357648,1403.3537506931032
1704679200000.0,2856.31805357648,2880.964499349218,2833.155805753264,2835.609425326048,2566.2689239392676
1704682800000.0,2835.609425326048,2894.867388467883,2774.2886410613464,2846.2383712235473,1056.4754987486672
1704686400000.0,2846.2383712235473,2964.7878589696084,2831.688083081613,2940.5270480581985,1676.9057572295198
1704690000000.0,2940.5270480581985,2950.444222635585,2839.2531613577225,2849.2085322756834,1648.5531796727937
1704693600000.0,2849.2085322756834,2924.837810856292,2833.4532783772997,2898.4462313100585,1552.0573546340177
1704697200000.0,2898.4462313100585,2952.7344763288684,2795.873179611297,2820.1185578870904,1244.1832224037337
1704700800000.0,2820.1185578870904,2851.879879883248,2816.0826871595773,2842.829927412025,1302.4935155965882
1704704400000.0,2842.829927412025,2873.600158006987,2753.583736016899,2762.711531904826,10640.699941684976
1704708000000.0,2762.711531904826,2854.4187535130322,2750.2426982773068,2810.1906917788883,2044.378542028075
1704711600000.0,2810.1906917788883,2848.999988634727,2766.5575105339713,2827.7922678625982,2470.684732864057
1704715200000.0,2827.7922678625982,2849.5349774272527,2806.487299124947,2822.1107564088447,1893.4397819164747
1704718800000.0,2822.1107564088447,2926.644280268859,2814.5745052282023,2869.9648015494045,1742.1833837671024
1704722400000.0,2869.9648015494045,2946.641066930213,2851.7378789038275,2933.2969495322586,2652.205155960053
1704726000000.0,2933.2969495322586,2934.2411123045945,2767.703540677369,2816.3388608152623,1533.4975279950881
1704729600000.0,2816.3388608152623,2908.1507735476134,2801.1445386565465,2873.5969608247606,1029.0953585348927
1704733200000.0,2873.5969608247606,2911.8134614412747,2806.097776358953,2859.1894244143627,2545.575115509753
1704736800000.0,2859.1894244143627,2968.820192631498,2846.8750217353663,2967.404919160997,2974.326101793966
1704740400000.0,2967.404919160997,2969.2787569350744,2813.4313130571913,2830.5963398304903,1917.1487396171622
1704744000000.0,2830.5963398304903,2854.535261726997,2805.772489758395,2816.8480815517523,2832.139018523359
1704747600000.0,2816.8480815517523,2930.283079243788,2776.3936602902527,2917.149113611926,7436.248962560468
1704751200000.0,2917.149113611926,2943.8347069715983,2825.175800711618,2874.854550472017,2761.120265993561
1704754800000.0,2874.854550472017,2898.8970702482284,2745.4593288879723,2788.639079537487,3122.082279475366
1704758400000.0,2788.639079537487,2971.9140647485215,2766.3275634492484,2961.099891291036,6639.655460541169
1704762000000.0,2961.099891291036,3005.202003496041,2829.6072094333504,2857.959023971634,1421.35726910638
1704765600000.0,2857.959023971634,2950.537969734997,2827.9149072888804,2936.122097473315,7673.4167421942875
1704769200000.0,2936.122097473315,2936.6764801457784,2878.4024124676666,2901.732896097682,1030.7654429038885
1704772800000.0,2901.732896097682,2919.2909614860496,2813.243255691233,2827.0092841417313,1156.59823215807
1704776400000.0,2827.0092841417313,2938.222383216483,2791.8058771368364,2925.82093922021,2453.482699173994
1704780000000.0,2925.82093922021,2973.290990146188,2808.2746475283234,2817.0168673349513,2172.869862266674
1704783600000.0,2817.0168673349513,2945.42211514366,2811.141686208389,2939.29467609355,1998.3424131714844
1704787200000.0,2939.29467609355,2973.1069790960323,2936.3738326077755,2961.6699662063133,3309.564605987741
1704790800000.0,2961.6699662063133,2966.23897291081,2849.3775454402976,2884.342821976994,3073.3274197959695
1704794400000.0,2884.342821976994,2909.057910577406,2804.2876140993462,2856.0624800908654,2142.795491591488
1704798000000.0,2856.0624800908654,2934.835641941816,2852.7499262171477,2916.697830118951,6633.598537890381
1704801600000.0,2916.697830118951,2926.314378825907,2841.865721543682,2885.2625184090803,1455.3639431629633
1704805200000.0,2885.2625184090803,2893.7962885153,2843.252756232547,2884.9128306278035,1895.542641135713
1704808800000.0,2884.9128306278035,2924.1172446087558,2869.113675082628,2910.980575760042,2129.364187042712
1704812400000.0,2910.980575760042,2946.7434292625185,2853.872580851863,2864.720323467818,2144.180875052254
1704816000000.0,2864.720323467818,2941.1646280567834,2837.281860484146,2931.021025298281,1795.6757752591109
1704819600000.0,2931.021025298281,2943.7096433329134,2926.09324213883,2942.887790673184,3236.949058392453
1704823200000.0,2942.887790673184,2979.792805768188,2845.3547734130934,2864.896967404462,1027.6088175257778
1704826800000.0,2864.896967404462,2901.3119505188756,2793.7699012798016,2897.576708618768,1057.5077770105952
1704830400000.0,2897.576708618768,3039.267172960217,2890.019538155556,3016.7840527432218,1556.5219800802624
1704834000000.0,3016.7840527432218,3080.4163777338626,2806.8646679303724,2827.339860561754,1564.3747430453798
1704837600000.0,2827.339860561754,3003.6240220735444,2801.3136876472704,2948.31143254122,2728.3018103293102
1704841200000.0,2948.31143254122,3016.516861235901,2910.7572670576246,2967.8497625500277,1348.2176182262858
1704844800000.0,2967.8497625500277,3005.5685707965986,2901.232269977114,2943.48409083564,1399.884147945699
1704848400000.0,2943.48409083564,2972.2564778711585,2920.0774807716944,2967.5586141174354,2143.470132825927
1704852000000.0,2967.5586141174354,2981.3994822458217,2919.805259940701,2938.4634172610254,3557.5059784672662
1704855600000.0,2938.4634172610254,2981.059186882099,2905.7047048954173,2971.352436690117,1055.8265539891681
1704859200000.0,2971.352436690117,3129.1824364477816,2944.952280332375,3101.996792132288,1422.43343118694
1704862800000.0,3101.996792132288,3111.6832425606362,2849.451324452663,2873.7392678072642,8638.491602108355
1704866400000.0,2873.7392678072642,2919.275538137699,2871.9323147740574,2915.227735376947,2041.7241539980084
1704870000000.0,2915.227735376947,2922.3149602973367,2842.3110348599853,2877.357006044754,1643.4253860954027
1704873600000.0,2877.357006044754,2975.2981292760505,2860.7498486011286,2944.7649837910467,7761.999838776351
1704877200000.0,2944.7649837910467,2963.1557283456955,2840.6694448890107,2909.66980922035,5409.784193486152
1704880800000.0,2909.66980922035,2934.0971779628076,2866.5558403147293,2901.9842043457256,2390.5794082850207
1704884400000.0,2901.9842043457256,3034.634935315721,2900.2554967303186,3012.721657929362,6110.441169342687
1704888000000.0,3012.721657929362,3030.642099264094,2969.325343953216,2973.854093900155,1373.009554056072
1704891600000.0,2973.854093900155,2985.871761950247,2806.5722395831817,2864.430818442197,2333.231968712301
1704895200000.0,2864.430818442197,3018.3583830209623,2843.9998754629537,3012.176341429104,5541.85993641676
1704898800000.0,3012.176341429104,3057.5919523081116,2973.5003995319344,3018.7661430864314,2103.941721372685
1704902400000.0,3018.7661430864314,3042.0746027518885,2951.0483895175394,2989.976582649934,2447.9771764270035
1704906000000.0,2989.976582649934,2990.6500918137504,2890.715752585471,2938.576092253897,1493.7138485792007
1704909600000.0,2938.576092253897,3099.9887198189704,2929.2594608819677,3063.9299099681907,10155.761660880438
1704913200000.0,3063.9299099681907,3077.1097968658937,3028.4272122053558,3035.986859702883,2107.025315810551
1704916800000.0,3035.986859702883,3115.3839302904307,2976.4600649584377,3110.0231408413197,1046.382646460309
1704920400000.0,3110.0231408413197,3115.736728133975,3083.9667058204996,3096.349062196562,1754.2930203316516
1704924000000.0,3096.349062196562,3134.7219197332697,3093.8710969416757,3097.161962558173,1089.6622837663397
1704927600000.0,3097.161962558173,3129.0830319119145,2963.2570743208526,2972.046595125297,2256.0142584540627
1704931200000.0,2972.046595125297,3038.211718694081,2916.12276429208,3032.097960923092,7823.985198824414
1704934800000.0,3032.097960923092,3088.9928538961663,3000.6948320516194,3017.1358843273256,1110.0584518753594
1704938400000.0,3017.1358843273256,3046.8638903826245,2985.4676024062533,3041.666754997397,2300.8775545497815
1704942000000.0,3041.666754997397,3112.548185033986,3024.9205641560516,3110.60537555428,2058.680755394872
1704945600000.0,3110.60537555428,3111.125268101542,2968.0003550366655,2996.486561354383,5601.313489039456
1704949200000.0,2996.486561354383,3050.6432710695894,2992.149806317561,3032.8412573990818,8745.911115787801
1704952800000.0,3032.8412573990818,3122.054141992457,3004.299223976567,3095.7442461182604,6516.634191483583
1704956400000.0,3095.7442461182604,3109.1438996171155,3003.9723534701307,3017.2352112834265,1579.920945102096
1704960000000.0,3017.2352112834265,3044.4232954007853,2976.8837242639015,3036.7160350969734,4367.780356096164
1704963600000.0,3036.7160350969734,3121.7049971801916,3008.757135293647,3071.7362628155197,3915.612720924111
1704967200000.0,3071.7362628155197,3094.95905203112,3025.794481352274,3057.75000927826,3382.2267426207677
1704970800000.0,3057.75000927826,3146.0043049887545,3036.4583305497677,3110.9093500666095,12489.19868382992
1704974400000.0,3110.9093500666095,3181.7855225640897,3074.0971277192084,3168.2568525988927,3091.6523839400643
1704978000000.0,3168.2568525988927,3191.992447829862,3142.3357223321295,3173.449740611632,1029.0794849360004
1704981600000.0,3173.449740611632,3176.872405783179,3122.4198821645746,3145.6626726924933,2674.1223027454826
1704985200000.0,3145.6626726924933,3159.074786184628,3070.229753364929,3095.013469869612,3302.9519168695097
1704988800000.0,3095.013469869612,3123.812629058295,3088.9364858476542,3115.204199151892,2491.8304207285464
1704992400000.0,3115.204199151892,3133.6032659147395,3043.567239481095,3069.2552167230538,6062.109017014203
1704996000000.0,3069.2552167230538,3181.9123269829934,3045.81399795985,3152.412226529103,4963.367947140028
1704999600000.0,3152.412226529103,3156.0371640870667,3057.9636146511552,3093.3842112542497,2212.1685296743117
1705003200000.0,3093.3842112542497,3141.016919749552,3053.4797151736498,3076.1338949871583,1972.7899879302813
1705006800000.0,3076.1338949871583,3248.44899055196,3042.884440697199,3216.405081245762,4299.646590869362
1705010400000.0,3216.405081245762,3263.630932037505,3050.9945458523994,3109.8900637212205,18482.916727419044
1705014000000.0,3109.8900637212205,3180.3542291574117,3059.724064970569,3136.2080485729225,4087.17862642521
1705017600000.0,3136.2080485729225,3149.162681194712,3100.3598483682017,3125.8281284906748,2822.655955016962
1705021200000.0,3125.8281284906748,3298.1886688517816,3084.0158138337843,3264.742188761719,1061.3150549179747
1705024800000.0,3264.742188761719,3315.169175896175,3187.9637256461037,3209.70879752272,1103.2099477042357
1705028400000.0,3209.70879752272,3222.5542045952134,3105.802905477042,3124.2040012076054,2092.3860133606395
1705032000000.0,3124.2040012076054,3133.792970222588,3075.098688346784,3104.0844978040864,1957.1240774863659
1705035600000.0,3104.0844978040864,3190.54101940086,3076.243926139749,3147.5662192801533,2538.9889860012627
1705039200000.0,3147.5662192801533,3173.1830363804866,3087.537283537403,3098.1357611563944,2659.744290919696
1705042800000.0,3098.1357611563944,3229.3727309097408,3094.4215943968693,3165.4534108887415,4816.967532062965
1705046400000.0,3165.4534108887415,3225.916761405733,3109.7638157871966,3210.1208133713662,5547.167747657476
1705050000000.0,3210.1208133713662,3227.823539931881,3041.757031606631,3062.948913942317,1050.9038285937806
1705053600000.0,3062.948913942317,3175.925962481743,3055.249233773345,3126.444842812199,1193.4472545962458
1705057200000.0,3126.444842812199,3209.334613766386,3096.6817512314888,3187.973041968862,4061.100363587862
1705060800000.0,3187.973041968862,3266.5140855657287,3148.8464363360085,3251.0200383734805,5969.858384534418
1705064400000.0,3251.0200383734805,3266.2909631824477,3145.2651918108218,3182.1780702184865,2444.712072932063
1705068000000.0,3182.1780702184865,3214.1647756548823,3148.5637189566633,3200.184109323401,5314.851541161116
1705071600000.0,3200.184109323401,3314.9060472569513,3193.136157627892,3281.838936478265,1726.2898651924536
1705075200000.0,3281.838936478265,3290.3034519266125,3228.343337968935,3231.348599352025,3748.933883462073
1705078800000.0,3231.348599352025,3285.8457354463985,3208.8518303288647,3276.3587268892193,1517.3412388346599
1705082400000.0,3276.3587268892193,3306.7640006636875,3206.214216121054,3206.722648816188,1639.8724931780077
1705086000000.0,3206.722648816188,3241.8870386316853,3177.5208430137727,3230.944550417233,5006.090114324604
1705089600000.0,3230.944550417233,3277.397209701139,3201.263120739939,3208.78364771827,3091.196554155845
1705093200000.0,3208.78364771827,3216.798196231894,3134.1317922627427,3148.8697781232668,2002.4475202047097
1705096800000.0,3148.8697781232668,3376.137206777889,3088.094119343943,3299.794090339676,7142.305715043818
1705100400000.0,3299.794090339676,3313.6331429391735,3138.3419127627003,3139.359241246247,1098.8024259743097
1705104000000.0,3139.359241246247,3217.6897373112574,3137.632153327639,3211.8549801848203,1804.8365138523072
1705107600000.0,3211.8549801848203,3234.600009114433,3077.949892375097,3101.096706262671,3967.788581753438
1705111200000.0,3101.096706262671,3267.304627600537,3070.8508522690267,3251.3254740377406,3638.618716521366
1705114800000.0,3251.3254740377406,3267.39455809921,3165.2765680719044,3178.363958248877,1401.4181306440662
1705118400000.0,3178.363958248877,3313.712587207133,3171.0228221459015,3310.4608635076056,1726.5688348540955
1705122000000.0,3310.4608635076056,3385.2594657224554,3289.9325874735227,3334.8625918203065,4322.675877989505
1705125600000.0,3334.8625918203065,3339.6217543210605,3268.201984971544,3301.3043481911513,2355.9116685623094
1705129200000.0,3301.3043481911513,3322.4623005633334,3251.366417390955,3266.2772140329707,2544.381407446404
1705132800000.0,3266.2772140329707,3281.6675703238893,3253.433978012885,3279.2329408774535,1250.5534923311413
1705136400000.0,3279.2329408774535,3298.242481973777,3263.687822342361,3275.816379573651,1120.1748185090796
1705140000000.0,3275.816379573651,3371.8794047408783,3265.1821304412333,3356.919231480873,1201.4491565795224
1705143600000.0,3356.919231480873,3413.657457916292,3329.144958444328,3353.4997429005252,3699.1345882615046
1705147200000.0,3353.4997429005252,3368.634188713615,3179.3935922963606,3248.789907102863,1184.5732562962341
1705150800000.0,3248.789907102863,3278.632442403159,3215.911744035931,3264.2773278140057,1175.004627177481
1705154400000.0,3264.2773278140057,3308.196095753586,3171.951740045708,3203.470667018082,1307.4821963688962
1705158000000.0,3203.470667018082,3313.7572714232533,3187.381155081673,3289.190609441501,1408.1559072279595
1705161600000.0,3289.190609441501,3304.8522430112885,3245.3354798363453,3278.796348506319,1128.8614600943088
1705165200000.0,3278.796348506319,3321.1812729783333,3252.676833006291,3285.957941511223,4081.351972032375
1705168800000.0,3285.957941511223,3297.1308126881727,3285.853969055591,3288.6086827614536,1961.9224934320837
1705172400000.0,3288.6086827614536,3299.3798818200785,3171.058852699265,3228.4620098259875,3528.8734437555
1705176000000.0,3228.4620098259875,3247.197908931342,3144.955738971419,3210.3691260140718,3102.553883841447
1705179600000.0,3210.3691260140718,3297.175022103953,3159.9464943285893,3286.632317427238,4070.606724505563
1705183200000.0,3286.632317427238,3445.07122242398,3271.512056892998,3422.6771895519073,2822.354831801862
1705186800000.0,3422.6771895519073,3454.189698157117,3206.785199773447,3239.867277639093,1165.3740041657431
1705190400000.0,3239.867277639093,3296.568163967936,3209.568661661347,3270.4827616679995,2881.9112043839546
1705194000000.0,3270.4827616679995,3307.3850634174646,3201.4751512929142,3222.8457314830125,2829.5009545312987
1705197600000.0,3222.8457314830125,3228.815982267844,3173.7902637168145,3174.148155465755,1346.0927393500378
1705201200000.0,3174.148155465755,3316.8852691724646,3152.251073959834,3304.8143997208576,2099.125486413582
1705204800000.0,3304.8143997208576,3382.170367931503,3284.9169106362474,3321.5186131813834,3904.6436408502623
1705208400000.0,3321.5186131813834,3349.366497462028,3311.4940193828397,3329.480108369881,2335.324453451021
1705212000000.0,3329.480108369881,3348.4548138998116,3136.03598022154,3190.896975423695,6350.249563829201
1705215600000.0,3190.896975423695,3309.5009285415763,3137.6941532259666,3300.6740621297786,3406.819552912185
1705219200000.0,3300.6740621297786,3363.8938314235984,3290.964722887189,3307.67823135357,3314.257827303224
1705222800000.0,3307.67823135357,3320.2550591625927,3212.222750204893,3251.0647889399406,2646.0260635149534
1705226400000.0,3251.0647889399406,3374.109378764954,3207.1711697698256,3315.5842039825893,1918.255390026797
1705230000000.0,3315.5842039825893,3371.8614100757773,3224.1519195980422,3267.3166784280015,5273.535535474338
1705233600000.0,3267.3166784280015,3302.969360129337,3262.53589579163,3276.8433276875267,3830.416973589919
1705237200000.0,3276.8433276875267,3288.8419833058224,3190.976491752751,3225.5609297730734,2751.4304293908535
1705240800000.0,3225.5609297730734,3320.3543125382016,3213.037201665907,3292.0139753056756,4089.132006448926
1705244400000.0,3292.0139753056756,3357.0301957187717,3257.716110253173,3317.5057302137643,2126.6457917186744
1705248000000.0,3317.5057302137643,3320.217913738174,3291.3432312102987,3299.912695628608,2059.6888545785428
1705251600000.0,3299.912695628608,3345.7986680177996,3250.0334549849836,3273.181929137099,1146.2231281519776
1705255200000.0,3273.181929137099,3367.8183039378578,3268.502380024184,3341.369487350559,2332.3598447745003
1705258800000.0,3341.369487350559,3378.0832031559526,3333.2207082773425,3337.5515972813423,2658.73788123142
1705262400000.0,3337.5515972813423,3348.6521463746435,3242.031106882061,3276.939710278373,1621.3891157530275
1705266000000.0,3276.939710278373,3305.971579722852,3224.852485149896,3244.804954484469,1047.1101989906808
1705269600000.0,3244.804954484469,3346.117041333756,3243.369323043011,3330.3723801490405,1369.0607617723497
1705273200000.0,3330.3723801490405,3363.611960617242,3175.498334315595,3228.650950548853,3650.874791129991
1705276800000.0,3228.650950548853,3358.606823329166,3226.831750383079,3331.477909255362,6138.938615944174
1705280400000.0,3331.477909255362,3341.926035123525,3247.0844088113167,3255.9760601360804,1912.6899091179998
1705284000000.0,3255.9760601360804,3304.5545496042832,3204.0763217548315,3288.746724980737,3983.825032809561
1705287600000.0,3288.746724980737,3307.2637021045894,3230.864572948341,3261.073497687638,1184.9720078097744
1705291200000.0,3261.073497687638,3279.8264828171527,3208.31923897546,3223.200942263039,2771.648066652976
1705294800000.0,3223.200942263039,3339.3889207557118,3191.4661855332884,3318.187754455962,5147.049628791987
1705298400000.0,3318.187754455962,3330.001952584252,3226.510594667586,3324.2568859682087,4888.643607176802
1705302000000.0,3324.2568859682087,3381.1084941531367,3265.556754150463,3268.0400827947087,3547.195311501416
1705305600000.0,3268.0400827947087,3271.377949021962,3154.4638850368356,3175.2495933523255,3622.6938284179796
1705309200000.0,3175.2495933523255,3314.528524471825,3119.807180667324,3284.3899448766765,2205.8719027827356
1705312800000.0,3284.3899448766765,3300.165834977416,3247.386486643283,3265.9731873573355,3196.0836004065845
1705316400000.0,3265.9731873573355,3329.896065312631,3245.4277264163798,3296.827557315046,2176.2181841056604
1705320000000.0,3296.827557315046,3312.1712665887067,3255.3869361012194,3285.400558408336,1317.2984677856894
1705323600000.0,3285.400558408336,3354.8007821586843,3272.3886895542537,3292.978372796001,1478.420796366451
1705327200000.0,3292.978372796001,3310.5169307682772,3281.02814541584,3297.2347651024006,2986.526376331602
1705330800000.0,3297.2347651024006,3304.3170800359003,3199.301406996059,3240.277901139714,4530.0349830344885
1705334400000.0,3240.277901139714,3323.3007102026822,3219.872817758553,3311.9985009074576,1716.3365790959494
1705338000000.0,3311.9985009074576,3328.3096603644753,3193.9595912481927,3226.7739968450524,2319.3180237667857
1705341600000.0,3226.7739968450524,3283.516887209334,3203.6920051074285,3229.3079930695417,4790.78361890582
1705345200000.0,3229.3079930695417,3343.943484160246,3219.206641196565,3282.0053699185264,16204.760302939903
1705348800000.0,3282.0053699185264,3300.8820303935977,3226.0034853735096,3226.4764522261216,1122.3891244170434
1705352400000.0,3226.4764522261216,3318.3229926139015,3179.806668680968,3293.790615602818,2472.5493754754684
1705356000000.0,3293.790615602818,3339.6661192874794,3284.675059651967,3292.1797447314643,1919.2585273289023
1705359600000.0,3292.1797447314643,3382.79827485932,3282.1061599423897,3333.619394802387,1239.5818935693246
1705363200000.0,3333.619394802387,3371.8205410906658,3163.943652679046,3209.740671114003,2641.383085051548
1705366800000.0,3209.740671114003,3261.499776560513,3200.897415973924,3255.4778681889525,2960.5049077106883
1705370400000.0,3255.4778681889525,3290.865397653792,3244.2763289818167,3257.9276864627636,2163.061589598591
1705374000000.0,3257.9276864627636,3374.006171661928,3257.789771822179,3306.7634620616295,5573.172685382217
1705377600000.0,3306.7634620616295,3324.3468252146536,3158.304785814863,3263.4554673296475,2835.449795019569
1705381200000.0,3263.4554673296475,3275.9771887055067,3260.346785916534,3272.90974860612,2341.099591763919
1705384800000.0,3272.90974860612,3273.937453134525,3203.3472750902915,3214.5927913401415,1274.309617744076
1705388400000.0,3214.5927913401415,3272.8961080528675,3171.9026398256124,3187.4454025813166,2711.7526072996543
1705392000000.0,3187.4454025813166,3205.4068959865094,3140.703968975303,3157.9047064754805,2367.6533332083513
1705395600000.0,3157.9047064754805,3331.7276130383125,3100.592676014652,3318.764882942425,2643.132637657172
1705399200000.0,3318.764882942425,3349.026286923153,3234.8967223787986,3270.973390816324,2946.0391663279893
1705402800000.0,3270.973390816324,3288.2429155916825,3116.148974537813,3144.019335247453,3108.715376327956
1705406400000.0,3144.019335247453,3220.3121940711385,3043.0489718951835,3201.9122865211725,1284.9201481775763
1705410000000.0,3201.9122865211725,3247.8650626719723,3186.02995561467,3231.0033845542043,5636.873822975843
1705413600000.0,3231.0033845542043,3253.382342411596,3123.3537382492304,3133.623855401458,2328.8390531883424
1705417200000.0,3133.623855401458,3303.966818598168,3119.2368834010763,3297.7212215584523,2769.9692248592883
1705420800000.0,3297.7212215584523,3318.9551993398054,3247.4897993905906,3314.2620681881954,3615.6365998730184
1705424400000.0,3314.2620681881954,3325.6311528980355,3155.560626928542,3171.7748476899137,3773.3479091570744
1705428000000.0,3171.7748476899137,3245.453231853588,3139.340175946006,3201.840261107458,4000.6116021116236
1705431600000.0,3201.840261107458,3233.6507282442103,3147.7247908192476,3178.197389246129,1847.866580196711
1705435200000.0,3178.197389246129,3205.38392565474,3152.666701709339,3181.855480054031,3309.776338644154
1705438800000.0,3181.855480054031,3218.11175477692,3106.8236355052,3207.0105854021153,2921.31664355441
1705442400000.0,3207.0105854021153,3310.080956334758,3165.435707035184,3253.9816486479262,5914.749866042465
1705446000000.0,3253.9816486479262,3293.3185516865547,3164.6084007976046,3164.967086050748,1938.414608491454
1705449600000.0,3164.967086050748,3170.863285011518,3112.1734170425484,3116.6222187076987,2175.786357229747
1705453200000.0,3116.6222187076987,3269.910510017533,3082.735610319603,3256.1503514776896,2594.705921564638
1705456800000.0,3256.1503514776896,3265.206566431553,3134.3534025475747,3188.891188074778,5901.900901090238
1705460400000.0,3188.891188074778,3282.972637691117,3183.240231239168,3267.6917590320636,1332.5703926287665
1705464000000.0,3267.6917590320636,3301.062121165185,3111.528556026355,3155.5996542570742,1639.2767577739432
1705467600000.0,3155.5996542570742,3219.378206876814,3135.6730692126644,3200.253152213145,4366.41464077228
1705471200000.0,3200.253152213145,3240.612510173074,3162.9574683175906,3183.106105066589,8023.549426732945
1705474800000.0,3183.106105066589,3230.6233554336422,3181.7200660575672,3182.6756174411357,2357.964397164614
1705478400000.0,3182.6756174411357,3240.013527220178,3102.720769370861,3111.571882459106,1165.3155812091807
1705482000000.0,3111.571882459106,3185.2220505953487,3063.4380888283727,3144.3890615813775,2786.7269340244584
1705485600000.0,3144.3890615813775,3285.1243636946233,3132.0540803214362,3210.2515148446564,13624.872695887188
1705489200000.0,3210.2515148446564,3282.8007111860993,3171.6320828957246,3189.4325946913264,3583.646036891548
1705492800000.0,3189.4325946913264,3216.3628455854882,3113.257056918746,3166.5336857229486,3085.9025598311314
1705496400000.0,3166.5336857229486,3177.963368535014,3044.780889236247,3084.248945897333,1171.2609849795138
1705500000000.0,3084.248945897333,3087.1950245018456,3070.5262629108843,3079.039011654703,2493.1988661985715
1705503600000.0,3079.039011654703,3236.0024244357546,3077.4871253348765,3205.1430338230252,8451.78713712361
1705507200000.0,3205.1430338230252,3278.289356295702,3184.8782214167586,3266.29679235949,2076.4287913619705
1705510800000.0,3266.29679235949,3316.5143575058405,3131.3248445194,3150.6644125402454,3120.401156655523
1705514400000.0,3150.6644125402454,3211.0460950947436,3117.796224274723,3180.882884708307,1869.098612924019
1705518000000.0,3180.882884708307,3222.542715264645,3087.118867734084,3100.6311906807878,1608.1562798903215
1705521600000.0,3100.6311906807878,3174.032226625022,3079.1629707893067,3166.1473735724744,3091.134001549673
1705525200000.0,3166.1473735724744,3214.771417715852,3108.102429700346,3159.156376944259,1428.2541627435864
1705528800000.0,3159.156376944259,3195.8386471615427,3136.299055954249,3184.8529338476574,2077.842939092343
1705532400000.0,3184.8529338476574,3232.7077462046504,3162.108983445678,3162.31295622284,1932.093892691655
1705536000000.0,3162.31295622284,3224.9156717756396,3128.60397858981,3195.341104257008,3024.7192185895346
1705539600000.0,3195.341104257008,3200.2847574404254,3084.4368427875356,3088.076452751335,1032.1785475757192
1705543200000.0,3088.076452751335,3164.0568430594662,3061.7406172844435,3163.763476088477,1037.5655053480193
1705546800000.0,3163.763476088477,3164.671425022167,3160.1071460255293,3162.050155162438,3185.0962197134972
1705550400000.0,3162.050155162438,3191.3176863641097,3135.998702105719,3164.4462128454616,1679.9496916768742
1705554000000.0,3164.4462128454616,3187.76281986317,3112.169812616131,3146.4500033356867,2761.1866087307644
1705557600000.0,3146.4500033356867,3173.9681127380045,3142.291904155474,3172.1778467284394,3027.900399491199
1705561200000.0,3172.1778467284394,3201.4165357545294,3131.061049942291,3163.3155561832837,1192.8483882826326
1705564800000.0,3163.3155561832837,3267.038636049779,3155.777990597412,3255.575901572376,4705.755746738689
1705568400000.0,3255.575901572376,3283.1829171804143,3223.4348303900633,3241.3778495355746,1573.8475802169266
1705572000000.0,3241.3778495355746,3248.5090892924118,3153.8858729315807,3196.2631533195317,1577.81069675007
1705575600000.0,3196.2631533195317,3242.305961078959,3107.785020911679,3125.7811813070994,3173.4829603503717
1705579200000.0,3125.7811813070994,3137.1981190844913,3039.9394360668316,3100.9627932378376,2009.0822110226165
1705582800000.0,3100.9627932378376,3208.471979323438,3098.676180520509,3165.5442720645656,1814.4741062980056
1705586400000.0,3165.5442720645656,3261.919939062336,3142.2813703245756,3179.923129569645,3851.583661600181
1705590000000.0,3179.923129569645,3226.2859140535907,3144.4600721368824,3160.465780142369,2730.4104602954103
1705593600000.0,3160.465780142369,3249.289520293875,3155.8985618075862,3214.339998641612,8308.717029529866
1705597200000.0,3214.339998641612,3237.4931255755323,3185.8548024913894,3199.508802123823,2478.9907193949093
1705600800000.0,3199.508802123823,3204.5542947435524,3174.9307667215326,3184.774974321609,1884.9394222014794
1705604400000.0,3184.774974321609,3211.3513175060525,3160.3493100509145,3198.9734945241566,3382.7487720886656
1705608000000.0,3198.9734945241566,3206.9736121334226,3036.517830918607,3074.7171292600033,1617.7734426245815
1705611600000.0,3074.7171292600033,3214.9723255122076,3038.195012748391,3160.094236924768,2176.694327017319
1705615200000.0,3160.094236924768,3179.5691100555036,3057.129739519334,3081.58301642094,1699.9911404263266
1705618800000.0,3081.58301642094,3224.763831083488,3067.7053245573816,3215.6771322155664,2765.117260922764
1705622400000.0,3215.6771322155664,3249.815708458927,3021.038606979143,3046.9437214819777,2224.993420578043
1705626000000.0,3046.9437214819777,3129.0332816194327,2977.6112227063923,3084.192230647447,4337.493318890445
1705629600000.0,3084.192230647447,3084.8846195296364,3072.3182278777244,3073.0589457103547,1407.2921690076741
1705633200000.0,3073.0589457103547,3121.533795424657,3050.3241831103755,3114.3460960026327,1715.6958554091505
1705636800000.0,3114.3460960026327,3120.975526292067,3098.8530895491344,3115.0464104633197,1743.3251995458747
1705640400000.0,3115.0464104633197,3242.906176419405,3082.6209673001,3239.75313704439,2324.8865268089007
1705644000000.0,3239.75313704439,3266.752529342518,3177.968938943962,3183.698860725247,2420.3249985751086
1705647600000.0,3183.698860725247,3188.3416770406957,3061.9344099469768,3064.2747696898023,1978.5863416548298
1705651200000.0,3064.2747696898023,3099.965267084988,3039.970244577564,3088.706661989502,4178.870356858669
1705654800000.0,3088.706661989502,3191.819147717033,3071.138291576107,3140.3105410377398,1197.1801096275735
1705658400000.0,3140.3105410377398,3163.643680754691,3124.2094859861604,3131.8434237207366,1185.0065647668093
1705662000000.0,3131.8434237207366,3162.0268249887317,3127.2729396592104,3129.338835539031,4140.097925100985
1705665600000.0,3129.338835539031,3248.2426821395616,3123.8667883488806,3217.4950012884888,3782.542507414375
1705669200000.0,3217.4950012884888,3245.8917734670813,3047.153425304493,3052.692844888012,2464.215933432456
1705672800000.0,3052.692844888012,3184.946233825312,3040.7728562801813,3129.2943946151026,3333.834802448901
1705676400000.0,3129.2943946151026,3212.6771698289235,3101.3096671564094,3201.0047469566175,2325.5023617584197
1705680000000.0,3201.0047469566175,3231.2342453570527,3084.5788534076896,3093.6992461035725,1792.067749824287
1705683600000.0,3093.6992461035725,3113.593822890473,3093.35516837119,3102.4121934045693,9464.231894758843
1705687200000.0,3102.4121934045693,3212.8591292780693,3077.71697957462,3203.032187374836,6277.1048158490485
1705690800000.0,3203.032187374836,3263.622599398837,3162.666675694472,3257.473852148849,2340.7836132015423
1705694400000.0,3257.473852148849,3280.8257506454565,3091.949294116663,3137.9352943696904,3862.7800293349433
1705698000000.0,3137.9352943696904,3220.671994438113,3118.1128218066297,3193.1247195407964,1428.0750076629129
1705701600000.0,3193.1247195407964,3243.55996920041,3132.6419810585317,3154.855998012121,3022.2873460167075
1705705200000.0,3154.855998012121,3227.671013365816,3120.214083440466,3216.4225006795923,1317.5026628932499
1705708800000.0,3216.4225006795923,3238.010808003388,3124.802382215959,3162.3855589126765,1991.790627007251
1705712400000.0,3162.3855589126765,3188.979224890892,3146.3789355453196,3161.3368330063818,1525.4413156265593
1705716000000.0,3161.3368330063818,3209.413132531737,3111.2363279538945,3209.1707326367336,3345.3313826725694
1705719600000.0,3209.1707326367336,3231.1367929070307,3191.5382019842414,3196.010207518516,7165.144578394601
1705723200000.0,3196.010207518516,3219.2675802031113,3144.0373291712767,3161.1214038014145,2432.7555779905015
1705726800000.0,3161.1214038014145,3189.921900180891,3158.93144525367,3184.562411464476,1763.2046248634028
1705730400000.0,3184.562411464476,3248.636606334649,3164.4814668994354,3236.4353253521213,1933.2212217092108
1705734000000.0,3236.4353253521213,3246.0116511993874,3169.355155669511,3190.3808666884133,3413.8649688730957
1705737600000.0,3190.3808666884133,3242.8987675864914,3187.4349231240067,3234.0517849288753,2747.443296905071
1705741200000.0,3234.0517849288753,3345.310085213704,3193.8445877835193,3318.442432412812,1340.253382123099
1705744800000.0,3318.442432412812,3333.753509483256,3228.3999766740258,3229.8647666032,4535.264966852026
1705748400000.0,3229.8647666032,3286.8601138191248,3204.7368110236016,3212.1462910437936,4423.609482827737
1705752000000.0,3212.1462910437936,3281.2643061463345,3163.4961995988215,3248.57081965302,3379.08115629261
1705755600000.0,3248.57081965302,3296.2156788138805,3117.0698915214484,3122.917315257129,1041.9444852768786
1705759200000.0,3122.917315257129,3329.197642118154,3103.791284999381,3247.0735537540963,1928.4455234397765
1705762800000.0,3247.0735537540963,3328.024514325187,3235.7935357682313,3291.721116725166,5157.877917151592
1705766400000.0,3291.721116725166,3338.5448627379237,3254.372314480258,3269.670473444542,1641.3527731024135
1705770000000.0,3269.670473444542,3276.51388664054,3226.2202768503703,3240.531689684046,1364.283105282757
1705773600000.0,3240.531689684046,3269.8475578681905,3188.27089476288,3189.2458704484475,1025.049106225152
1705777200000.0,3189.2458704484475,3210.2155446094625,3132.1222208024674,3151.2030221942046,7835.219557332049
1705780800000.0,3151.2030221942046,3261.666501908283,3125.0502104421125,3257.174926711661,1568.9561354603372
1705784400000.0,3257.174926711661,3289.9825605190003,3187.098807737552,3242.4601449681804,1502.9149340671327
1705788000000.0,3242.4601449681804,3269.7553007060096,3229.177631923947,3256.464699274351,1321.4907302483025
1705791600000.0,3256.464699274351,3315.9710344453747,3225.197671087902,3261.8125669678043,2095.5308505249586
1705795200000.0,3261.8125669678043,3297.3334317433564,3197.742047970092,3236.121859705418,2945.451071066616
1705798800000.0,3236.121859705418,3274.7373454549474,3213.449897143386,3224.834583524898,1270.6299939713892
1705802400000.0,3224.834583524898,3348.3710641743523,3210.9151448600314,3311.1444452418905,6232.384912095744
1705806000000.0,3311.1444452418905,3375.9239020250266,3302.317428731779,3342.9871278625305,1264.9798969692013
1705809600000.0,3342.9871278625305,3371.372404357935,3328.844368135168,3348.3844488502177,2217.7357886278464
1705813200000.0,3348.3844488502177,3354.651024859118,3299.9613077904105,3316.5617100837467,1060.2111472695428
1705816800000.0,3316.5617100837467,3409.1664619722083,3255.0280672097165,3367.119990450084,2706.304692951648
1705820400000.0,3367.119990450084,3385.516064133587,3243.9877949301963,3292.842371211302,3554.473605423958
1705824000000.0,3292.842371211302,3295.0154381468205,3261.2359580468474,3272.459705451404,1871.5651424745495
1705827600000.0,3272.459705451404,3405.1040911112386,3268.1564695832803,3389.704872918365,5895.8296001083945
1705831200000.0,3389.704872918365,3405.4459773585336,3279.75799794739,3307.086551933136,2028.8176032473966
1705834800000.0,3307.086551933136,3319.739225203357,3235.890853387301,3256.6525366777637,1554.8113611408598
1705838400000.0,3256.6525366777637,3458.756746730585,3221.701038359219,3387.528433626843,3779.255390654678
1705842000000.0,3387.528433626843,3404.599522914003,3325.979339449616,3348.156193110119,1328.3604705441107
1705845600000.0,3348.156193110119,3363.6242493239347,3272.2024958230127,3307.364973675823,3597.7021764982474
1705849200000.0,3307.364973675823,3373.8308290846117,3282.6480774661536,3370.809035912547,5759.918403940809
1705852800000.0,3370.809035912547,3387.942822036211,3349.2097249732788,3350.292629839702,1353.4441935180869
1705856400000.0,3350.292629839702,3357.3274774699084,3250.6569307535988,3297.5327241527866,1539.6066735327072
1705860000000.0,3297.5327241527866,3366.1504180686425,3218.2557241630593,3350.3926751522654,3040.8916857429094
1705863600000.0,3350.3926751522654,3387.6756272635125,3278.737393614764,3314.3566285429565,4647.266667942624
